"","Event","EVD_Comp4"
"1","Sv",49.3099999999999
"2","TS",50.1900000000001
"3","Angles",129.86
"4","GPS",0.0799999999999272
"5","Total_Time",232.25
