"","Event","EVD_Comp0"
"1","Sv",47.4200000000001
"2","TS",50.8200000000002
"3","Angles",141.31
"4","GPS",0.0299999999997453
"5","Total_Time",242.33
