"","Event","EVD_Comp2"
"1","Sv",50.9100000000003
"2","TS",51.4899999999998
"3","Angles",131.86
"4","GPS",0.0799999999999272
"5","Total_Time",237.19
